{
  "converted_1756382067550.mp4": {
    "prediction": "Pro",
    "confidence": 0.74,
    "start": 0.0,
    "end": 5.1000000000000005,
    "mov": false
  },
  "converted_1756382085990.mp4": {
    "prediction": "Pro",
    "confidence": 0.65,
    "start": 1.9,
    "end": 5.1000000000000005,
    "mov": false
  },
  "converted_1756382174294.mp4": {
    "prediction": "Pro",
    "confidence": 0.71,
    "start": 0.0,
    "end": 5.2,
    "mov": true
  }
}